<configuration>
    <property name="PATTERN" value="%d{yyyy-MM-dd HH:mm:ss} %-5level [%thread%X{sourceThread}]%logger{24} - %msg%n"/>
    <appender name="STDOUT" class="ch.qos.logback.core.ConsoleAppender">
        <encoder class="ch.qos.logback.classic.encoder.PatternLayoutEncoder">
            <pattern>%d{MM/dd/yyyy HH:mm:ss} %-5level [%thread%X{sourceThread}]%logger{24} - %msg%n</pattern>
        </encoder>
    </appender>

    <appender name="FILE" class="ch.qos.logback.core.rolling.RollingFileAppender">
        <file>/export/logs/Micro-Service-Skeleton/oauth-center/log.log</file>
        <rollingPolicy class="ch.qos.logback.core.rolling.TimeBasedRollingPolicy">
            <fileNamePattern>/export/logs/Micro-Service-Skeleton/oauth-center/log.%d{yyyy-MM-dd}.log.gz</fileNamePattern>
            <maxHistory>7</maxHistory>
        </rollingPolicy>
        <encoder class="ch.qos.logback.classic.encoder.PatternLayoutEncoder">
            <pattern>%d{MM/dd/yyyy HH:mm:ss} %-5level ${version} [%thread]%logger{16} - %msg%n
            </pattern>
        </encoder>
    </appender>

    <appender name="ERROR_FILE" class="ch.qos.logback.core.rolling.RollingFileAppender">
        <filter class="ch.qos.logback.classic.filter.ThresholdFilter">
            <level>ERROR</level>
        </filter>
        <File>/export/logs/Micro-Service-Skeleton/oauth-center/error.log</File>
        <rollingPolicy class="ch.qos.logback.core.rolling.TimeBasedRollingPolicy">
            <fileNamePattern>/export/logs/Micro-Service-Skeleton/oauth-center/error-%d{yyyyMMdd}.log.%i
            </fileNamePattern>
            <timeBasedFileNamingAndTriggeringPolicy class="ch.qos.logback.core.rolling.SizeAndTimeBasedFNATP">
                <maxFileSize>500MB</maxFileSize>
            </timeBasedFileNamingAndTriggeringPolicy>
            <maxHistory>2</maxHistory>
        </rollingPolicy>
        <layout class="ch.qos.logback.classic.PatternLayout">
            <Pattern>%d{yyyy-MM-dd HH:mm:ss.SSS} [%thread] %-5level %logger{36} -%msg%n
            </Pattern>
        </layout>
    </appender>

    <appender name="SQL" class="ch.qos.logback.core.rolling.RollingFileAppender">
        <file>/export/logs/Micro-Service-Skeleton/oauth-center/sql.log</file>
        <rollingPolicy class="ch.qos.logback.core.rolling.TimeBasedRollingPolicy">
            <fileNamePattern>/export/logs/Micro-Service-Skeleton/oauth-center/sql.%d{yyyy-MM-dd}.log.gz</fileNamePattern>
            <maxHistory>7</maxHistory>
        </rollingPolicy>
        <encoder class="ch.qos.logback.classic.encoder.PatternLayoutEncoder">
            <pattern>%d{MM/dd/yyyy HH:mm:ss} %-5level ${version} [%thread]%logger{16} - %msg%n
            </pattern>
        </encoder>
    </appender>


    <logger name="org.springframework.jdbc.core.JdbcTemplate" level="INFO">
        <appender-ref ref="SQL"/>
    </logger>
    <logger name="org.springframework.web.servlet.mvc" level="info"/>
    <root level="WARN">
        <appender-ref ref="STDOUT"/>
        <appender-ref ref="FILE"/>
        <appender-ref ref="ERROR_FILE"/>
        <appender-ref ref="SQL"/>
    </root>
</configuration>
